sentenceid,speechno,language,_golden,subsidy_scale,subsidy_scale_gold,subsidy_scale_gold_reason,screener,sentence_text,pre_sentence,post_sentence
1,0,IT,TRUE,,-1,Questa frase è anti-sovvenzioni perchè condanna la previa estensione degli aiuti di stato a miniere imprduttive e cita il danno alla competitività come risultato.,FALSE,"Tuttavia, le leggi precedenti a sostegno delle miniere non redditizie, invece di aiutarle a diventare redditizie, hanno incoraggiano continui rifiuti e scarsa competitività.","In primo luogo, la proposta di concedere aiuti al funzionamento o investimenti al fine di rendere le miniere competitive. C'era già una disposizione analoga nel regolamento precedente in materia di aiuti al settore.","Le miniere sono state sovvenzionate nella vana speranza di raggiungere la redditività. Ora abbiamo a che fare con le conseguenze: abbiamo bisogno di estendere questo sistema speciale per la produzione di carbone, perché le miniere in questione non hanno raggiunto la redditività, né sono statie chiuse."
2,0,IT,TRUE,,-1,Questa frase fa riferimento generico alle critiche sugli aiuti di stato,FALSE,Gli aiuti di Stato minano la competitività.,Ecco perché riteniamo che sia necessario eliminare gradualmente le sovvenzioni. La Parte 2 della nostra proposta menziona questo punto.,"Pertanto, il trattato contiene disposizioni per dichiararlo incompatibile in tutta una serie di casi. Gli aiuti al funzionamento possono essere autorizzati solo se è probabile che abbiano effetti positivi."
3,0,IT,TRUE,,-1,"Questa frase critica gli aiuti di Stato e cita la necessità di essere competitivi, invece di aiutare le attività non redditizie.",FALSE,L'industria mineraria ha bisogno di essere competitiva e sovvenzionare mina questo obiettivo.,"Signora Presidente, signor Almunia, signori e signore, nessuno contesta il fatto che il carbone sia una parte importante del nostro approvvigionamento energetico.",La questione ora è se 2014 o 2018 è il termine giusto. Rapkay ha presentato una serie di argomenti intelligenti che non voglio ripetere.
4,0,IT,TRUE,,-1,"Quest frase attacca  sussidi per essere economicamente insostenibile, così come indesiderabili a livello ambientale.",FALSE,Dobbiamo ricordare che continuare a mantenere queste miniere di carbone non redditizie in vita mina questo scopo.,"Signora Presidente, onorevoli colleghi, il nostro partito non ha obiezioni ai fondi pubblici investiti, a condizione che servano alla transizione verso la produttività e la redditività.","Si supporta un settore che non è sostenibile né economicamente - altrimenti non avrebbe bisogno di sussidi - ne per l'ambiente. Come il Sign. in 't Veld ha sottolineato poco fa, per diversi decenni, l'industria del carbone ha cercato di prolungare questa transizione, con nessuna fine in vista."
5,0,IT,TRUE,,-1,Si tratta di una frase scettica (negativa) circa la continuazione delle sovvenzioni ,FALSE,"Alla luce di questo, ho seri dubbi circa l'intenzione di estendere le sovvenzioni statali per le miniere di carbone non redditizie.","Dobbiamo avere un obiettivo, quando si tratta per l'industria automobilistica, l'industria meccanica e l'industria medica. Per avere successo dobbiamo trasformare la nostra economia per consentirle di soddisfare le esigenze della concorrenza moderna e l'economia globale.","Vorrà dire che, a livello statale, investiremo denaro in imprese che non sono redditizie e in ultima analisi, in grado di sostenere l'occupazione."
6,0,IT,TRUE,,-1,"Questa frase sostiene che un'ulteriore estensione degli aiuti di Stato è indesiderabile, e propone di  porvi finire il più presto possibile .",FALSE,"Signora Presidente, signor Almunia, abbiamo bisogno di ingoiare la pillola amara ora, piuttosto che sopportare decenni di una malattia non competitiva.",,Questo è il motivo per cui sostengo la proposta della Commissione di eliminare gradualmente gli aiuti di Stato nel 2014 per le miniere che non sono competitive entro tale data.
7,0,IT,TRUE,,-1,"Questa frase argomenta che le miniere non redditizie stanno bloccando il passaggio a una maggiore competitività, e che continuare con gli aiuti di Stato ostacola semplicemente la chiusura inevitabile delle miniere non redditizie.",FALSE,"Le miniere di carbone europee, prima o poi, devono adattarsi al cambiamento.",La globalizzazione significa che ci saranno significative pressioni sui prezzi sul carbone.,Gli aiuti di Stato continuati a miniere che non sono redditizie rallentano solo il processo di adattamento e ostacolano la nostra capacità di apportare le modifiche necessarie.
8,0,IT,TRUE,,-1,"Questa frase sostiene che un'ulteriore estensione degli aiuti di Stato è indesiderabile, e propone di  porvi finire il più presto possibile .",FALSE,Industrie non redditizie non devono essere tenute in vita da una macchina di supporto per sempre.,"La produzione si trasferirà in paesi dove la manodopera costa meno e le aree dell'UE in cui il carbone è prodotto vedranno posti di lavoro e fonti di reddito scomparire, siccome le miniere non possono più reagire alla concorrenza. Anche se questo è uno sviluppo sgradito, le azioni delle autorità non possono entrare in conflitto con i principi di base dell'economia di mercato.",Dobbiamo ricordare che un cambiamento strutturale di questa portata avrà inevitabilmente conseguenze sociali di vasta portata e drammatiche.
9,0,IT,TRUE,,-1,"Questa frase condanna sostegno alle industrie non competitive, e sostiene la necessità di porre fine agli aiuti di Stato il più presto possibile.",FALSE,"Prenderemmo misure in contrasto con lo spirito di competizione e di efficienza, se il Parlamento dovesse consentire agli Stati membri di sperperare miliardi per le loro miniere di carbone.","Nonostante tutti i bei discorsi sul clima, l'Europa sarà ancora aggrappato sul suo passato di carbone, adottando questa relazione. Nel quadro della strategia Europa 2020, l'Unione europea punta a muoversi velocemente verso un futuro a basse emissioni sulla base di forme di energia rinnovabili.","Le norme vigenti in materia di aiuti sarebbero scadute nel mese di dicembre, ma nella proposta della Commissione, sarebbero state estese fino al 2014. Lo scoramento sul carbone è accresciuto dal fatto che il Parlamento vuole che le norme sugli aiuti siano estese fino al 2018. Due anni fa, gli aiuti degli Stati membri dell'Unione europea di settore che hanno prodotto e utilizzato carbon fossile, cioè, antracite, erano più di 2,9 miliardi di euro. Questo dimostra solo che ci sono più aiuti per i combustibili fossili che non vi sono per le fonti energetiche rinnovabili, e questo nonostante il fatto che i nostri obiettivi sul clima avrebbe sottinteso la politica opposta."
10,0,IT,TRUE,,-1,"Questa frase è anti-sovvenzioni perché sostiene la proposta della Commissione di eliminarle gradualmente entro il 2014, invece di estendere al 2018 o oltre.",FALSE,Dobbiamo sostenere la proposta della Commissione.,"Significherà  anche che la trasformazione di cui abbiamo bisogno per essere in grado di diventare veramente competitiva sarà più lenta. Vorrà dire che non riusceremo a sviluppare in altre aree e anche che, in pochi anni, la gente sarà ancora essere impiegata in settori che non offrono sicurezza a lungo termine e la possibilità di guadagnarsi da vivere, e le regioni di cui stiamo parlando rimarranno sempre dipendenti da miniere di carbone in quanto non redditizie.",
11,0,IT,TRUE,,-1,"Questa frase è anti-sovvenzioni perché sostiene la proposta della Commissione di eliminarle gradualmente entro il 2014, invece di estendere al 2018 o oltre.",FALSE,Questi fondi non vengono spesi per lo sviluppo di industrie sostenibili e competitive per il futuro.,Sostengo la proposta della Commissione di eliminare gradualmente gli aiuti di Stato nel 2014 per le miniere che non sono competitive entro tale data. Il costo di supportare lavori non competitivi è molto superiore che in quasi ogni altro settore.,"Pertanto, credo che sia giusto eliminare gradualmente le sovvenzioni statali per le miniere non competitive nel 2014, e di investire il denaro che diventa disponibile in ricerca e sviluppo e nell'istruzione e nella formazione."
12,0,IT,TRUE,,-1,"Questa frase è anti-sovvenzioni perché sostiene la proposta della Commissione di eliminarle gradualmente entro il 2014, invece di estendere al 2018 o oltre.",FALSE,Questo è il motivo per cui il piano per porre fine ai sussidi entro il 2014  è altamente sensibile.,"Per questo motivo, condivido ciò che viene detto nella valutazione d'impatto. In caso contrario, il risultato sarà quello di minare ulteriormente il nostro ambiente competitivo, cosa che nessuno vuole.",
13,0,IT,TRUE,,-1,"Questa frase è anti-sovvenzioni perché sostiene la proposta della Commissione di eliminarle gradualmente entro il 2014, invece di estendere al 2018 o oltre.",FALSE,"La nostra proposta prevede quindi una graduale riduzione degli aiuti, con l'obiettivo di eliminarli del tutto entro il 2014.","Infine, il mio ultimo punto è che quando l'obiettivo degli aiuti al funzionamento è quello di contribuire ad una transizione verso la chiusura delle miniere non competitive, è chiaro che questa chiusura deve essere il nostro obiettivo finale. Questa gradualità deve essere chiaramente indicata nel piano di chiusura, e il piano deve comprendere anche una quota diminuzione di tali aiuti durante il periodo di transizione.","Detto tutto questo, vorrei ancora una volta ringraziare l'onorevole Rapkay e tutti coloro che hanno contribuito alla relazione che stiamo considerando."
14,0,IT,TRUE,,-1,"Questa frase è anti-sovvenzioni perché sostiene la proposta della Commissione di eliminarle gradualmente entro il 2014, invece di estendere al 2018 o oltre.",FALSE,"Per queste ragioni, sosteniamo una graduale eliminazione dei sussidi entro il 2014, ma non di più.",Il piano delineato nella proposta della Commissione è ben supportato da prove. Questa prova è chiaramente delineata nella dichiarazione di impatto.,Il piano per porre fine a questi accordi non sostenibili entro il 2014 è già un compromesso. Dobbiamo accogliere questa proposta sensata piuttosto che continuare a ritardare l'inevitabile.
15,0,IT,TRUE,,0,"Questa affermazione è un riferimento neutrale e non prende direttamente posizione sulle sovvenzioni, la proposta della Commissione, ne fa lacun riferimento alla tempistica per l'eliminazione progressiva degli aiuti di Stato",FALSE,E 'stato un nuovo accordo.,"Vi è la tesi secondo cui il regime di aiuti di Stato adottato nel 2002, che sta per scadere, ha visto una graduale eliminazione dell'estrazione del carbone. Questo non è completamente accurato.","Lo so, perché ero lì e sono stato relatore per il Parlamento nel 2002. Così erano molti dei miei colleghi."
16,0,IT,TRUE,,0,"Questa affermazione è un riferimento neutrale e non prende direttamente posizione sulle sovvenzioni, la proposta della Commissione, ne fa lacun riferimento alla tempistica per l'eliminazione progressiva degli aiuti di Stato",FALSE,Vorrei discutere tre punti della relazione.,"Tuttavia, in sede di elaborazione del regolamento, abbiamo anche preso tutti i dati disponibili in considerazione. Nella nostra proposta di regolamento, abbiamo permesso agli Stati membri di concedere ulteriori aiuti al funzionamento, ma in questa occasione, con particolare attenzione la questione del periodo di tempo.","In primo luogo, la proposta di concedere aiuti al funzionamento o di investimento al fine di rendere le miniere competitive. C'era già una disposizione analoga nel regolamento precedente in materia di aiuti al settore."
17,0,IT,TRUE,,0,"Questa affermazione è un riferimento neutrale e non prende direttamente posizione sulle sovvenzioni, la proposta della Commissione, ne fa lacun riferimento alla tempistica per l'eliminazione progressiva degli aiuti di Stato",FALSE,We need to consider two additional issues.,"L'obiettivo della nostra proposta è garantire che queste scadenze siano rispettati una volta per tutte. Questo è un momento in cui, a differenza del contesto in cui i dibattiti del passato hanno avuto luogo, dobbiamo prendere in considerazione un aiuto per l'estrazione del carbone.","La prima è la sfida del cambiamento climatico, che abbiamo discusso in numerose occasioni e per la quale l'Unione europea ha obiettivi molto specifici. Il secondo problema è l'impatto della crisi e l'indebitamento risultante dei bilanci pubblici, i bilanci a livello nazionale, in quanto questo sta mettendo ancora più pressione sulle finanze pubbliche."
18,0,IT,TRUE,,0,"Questa affermazione è un riferimento neutrale e non prende direttamente posizione sulle sovvenzioni, la proposta della Commissione, ne fa lacun riferimento alla tempistica per l'eliminazione progressiva degli aiuti di Stato",FALSE,Come sapete - come l'onorevole Kovacs ha accennato in precedenza - si tratta di un regolamento del Consiglio.,"C'è anche un dibattito in seno al Consiglio, e ci accingiamo ad aspettare la riunione del Consiglio, all'inizio del mese di dicembre per vedere qual è la posizione del Consiglio è. C'è stato certamente un dibattito in seno alla Commissione, e ce ne sarà un altro.","Il parere del Parlamento europeo è molto importante, ma il trattato prevede che, in materia di aiuti pubblici, il regolamento è un regolamento del Consiglio. Il Consiglio stabilirà la sua posizione."
19,0,IT,TRUE,,0,"Questa affermazione è un riferimento neutrale e non prende direttamente posizione sulle sovvenzioni, la proposta della Commissione, ne fa lacun riferimento alla tempistica per l'eliminazione progressiva degli aiuti di Stato",FALSE,Il Consiglio stabilirà la sua posizione.,"Il trattato prevede che, in materia di aiuti pubblici, il regolamento è un regolamento del Consiglio.",Attualmente - in occasione dell'ultima riunione del Comitato dei Rappresentanti permanenti - il gruppo ha espresso una posizione chiara. A meno che il Consiglio non decida all'unanimità la proposta della Commissione non può essere legalmente modificata.
20,0,IT,TRUE,,0,Questa frase è un riferimento neutrale che indica entrambe le posizioni del dibattito.,FALSE,Noi tutti abbiamo considerato gli argomenti a favore e contro la proposta di continuare a sovvenzionare le miniere di carbone.,"La chiusura delle miniere di carbone può avere un forte impatto sociale. Allo stesso tempo, la chiusura delle miniere avrà anche un impatto significativo sul settore energetico.","Comunque decidiamo, la nostra visione deve trovare un giusto equilibrio tra l'esigenza di competitività e la necessità di ridurre al minimo le conseguenze socio-economiche potenzialmente negative della chiusura."
21,0,IT,TRUE,,0,"Questa affermazione è un riferimento neutrale e non prende direttamente posizione sulle sovvenzioni, la proposta della Commissione, ne fa lacun riferimento alla tempistica per l'eliminazione progressiva degli aiuti di Stato",FALSE,Questo è sia ammirevole e notevole.,"Ci sono buone ragioni per cui lei e il Presidente della Commissione, José Manuel Barroso, hanno preso parte al dibattito. Sono lieto che la Commissione sia in grado di discutere questioni così apertamente dal punto di vista normativo.",Siamo molto grati per il vostro contributo.
22,0,IT,TRUE,,0,"Questa affermazione è un riferimento neutrale e non prende direttamente posizione sulle sovvenzioni, la proposta della Commissione, ne fa lacun riferimento alla tempistica per l'eliminazione progressiva degli aiuti di Stato",FALSE,Vorrei presentare una prospettiva diversa.,"Signora Presidente, abbiamo già ascoltato le opinioni dei miei colleghi che hanno sottolineato quanto sia importante il carbone per la sicurezza energetica dell'economia europea.","In alcuni paesi, vi è stata una crescente preoccupazione con l'impatto ambientale della produzione di energia non rinnovabile. Allo stesso tempo, c'è stata una crescente preoccupazione per i pericoli del nucleare."
23,0,IT,TRUE,,0,"Questa affermazione è un riferimento neutrale e non prende direttamente posizione sulle sovvenzioni, la proposta della Commissione, ne fa lacun riferimento alla tempistica per l'eliminazione progressiva degli aiuti di Stato",FALSE,"A questo proposito, mi congratulo con il relatore, is Sig. Rapkay.","Infine, l'economia del 21 ° secolo è stata menzionata. Credo, infatti, che abbiamo bisogno di essere coinvolti con questa economia, ma, allo stesso tempo, dobbiamo concentrarci sulla diversificazione del potentziale corrente.",
24,0,IT,TRUE,,0,"Questa affermazione è un riferimento neutrale e non prende direttamente posizione sulle sovvenzioni, la proposta della Commissione, ne fa lacun riferimento alla tempistica per l'eliminazione progressiva degli aiuti di Stato",FALSE,Ho solo una richiesta alla Commissione.,La questione ora è se 2014 o 2018 è il termine giusto. Abbiamo tutti sentito parlare di un certo numero di argomenti intelligenti che non voglio ripetere.,L'onere di prendere una decisione corretta ora spetta a noi. Mi auguro che i miei colleghi considerino molto attentamente i problemi.
25,0,IT,TRUE,,0,"Questa affermazione è un riferimento neutrale e non prende direttamente posizione sulle sovvenzioni, la proposta della Commissione, ne fa lacun riferimento alla tempistica per l'eliminazione progressiva degli aiuti di Stato",FALSE,It concerns a Council regulation.,"Vorrei ringraziare il gruppo di lavoro per i suoi sforzi, lavorando in stretta collaborazione con il il gruppo Cristiano Democratico Christian Democratic group.Il processo è ancora basato sul regolamento n 17 che risale al 1965.","C'è una scappatoia nel trattato di Lisbona, il che significa che i regolamenti sulla base del diritto della concorrenza non fanno parte della procedura di codecisione del Parlamento. Pertanto, ora dobbiamo - almeno per quanto riguarda la nostra affermazione- un voto di maggioranza ampia."
26,0,IT,TRUE,,0,"Questa affermazione è un riferimento neutrale e non prende direttamente posizione sulle sovvenzioni, la proposta della Commissione, ne fa lacun riferimento alla tempistica per l'eliminazione progressiva degli aiuti di Stato",FALSE,"Signora Presidente, questa non è una questione semplice.",,E 'quindi importante per noi in Parlamento di definire una posizione equilibrata. Ci sono due aspetti principali da prendere in considerazione.
27,0,IT,TRUE,,0,"Questa affermazione è un riferimento neutrale e non prende direttamente posizione sulle sovvenzioni, la proposta della Commissione, ne fa lacun riferimento alla tempistica per l'eliminazione progressiva degli aiuti di Stato",FALSE,Il dibattito si è concentrato su tre questioni fondamentali.,E 'estremamente importante per tutte queste opportunità di essere pienamente utilizzate dalle autorità nazionali e regionali. Investimenti su larga scala in iniziative attive del lavoro e misure globali di ripristino ambientale sono essenziale se il risultato finale è quello di essere accettabile per queste regioni.,"In primo luogo, l'argomento secondo cui le miniere di carbone che diventano competitive durante il periodo di chiusura dovrebbero essere in grado di continuare ad operare è stato addotto. A mio parere, la questione richiede un esame molto attento."
28,0,IT,TRUE,,0,"Questa affermazione è un riferimento neutrale e non prende direttamente posizione sulle sovvenzioni, la proposta della Commissione, ne fa lacun riferimento alla tempistica per l'eliminazione progressiva degli aiuti di Stato",FALSE,Così dovrebbero votare per esprimere il proprio parere.,Abbiamo chiesto una votazione distinta su emendamenti 25 e 27.,"Qualunque cosa si decida oggi, dobbiamo mandare un chiaro segnale alla Commissione. Dobbiamo dimostrare che il Parlamento è in grado di considerare il passato, ma anche di guardare al futuro."
29,0,IT,TRUE,,0,"Questa affermazione è un riferimento neutrale e non prende direttamente posizione sulle sovvenzioni, la proposta della Commissione, ne fa lacun riferimento alla tempistica per l'eliminazione progressiva degli aiuti di Stato",FALSE,Il Consiglio stabilirà la sua posizione.,"Come accennato in precedenza, si tratta di un regolamento del Consiglio. Il parere del Parlamento europeo è molto importante, ma il trattato prevede che, in materia di aiuti pubblici, il regolamento è un regolamento del Consiglio.",Attualmente - in occasione dell'ultima riunione del Comitato dei Rappresentanti Permanenti - abbiamo discusso a fondo la valutazione di impatto che vedete davanti a voi oggi.
30,0,IT,TRUE,,1,"Questa frase sostiene che gli aiuti di Stato dovrebbe essere estesi, invece di eliminarli gradualmente entro il 2014 come proposto della Commissione.",FALSE,"Per questi motivi, la giustificazione per la chiusura accelerata è sbagliata.","La nostra impronta climatica è molto peggio per il carbone importato, perché questo deve essere trasportato qui dal Canada, in Australia o in altre regioni del mondo.","Limitare la nostra capacità di produrre carbone europeo da miniere europee risulterà in più inquinamento e più rilascio di carbonio, non in meno. A questo proposito, i pareri espressi a sostegno della progressiva eliminazione non sono corretti."
31,0,IT,TRUE,,1,"Questa frase sostiene che gli aiuti di Stato dovrebbe essere estesi, invece di eliminarli gradualmente entro il 2014 come proposto della Commissione.",FALSE,Solo nella fase finale la Commissione ha proposto il termine realistico del 2014.,"Prima di inchinarci alla pressione politica a favore di abbandonare il carbone in questi casi, si dovrebbe garantire la diversificazione delle forniture energetiche alternative e sicure. Queste sono le ragioni per cui sosterremo i compromessi presentati dalla commissione per i problemi economici e monetari e della commissione per l'industria, la ricerca e l'energia, dove abbiamo proposto che il regolamento dia la possibilità ai bilanci nazionali - che non sono bilanci UE, dopo tutto - per mantenere le miniere nei paesi in cui ciò sia necessario.","Respingiamo questo cambiamento e sosteneremmo la prosecuzione degli aiuti di Stato ben oltre questo termine, infatti fino al 2030, se necessario."
32,0,IT,TRUE,,1,"Questa frase sostiene che gli aiuti di Stato dovrebbe essere estesi, invece di eliminarli gradualmente entro il 2014 come proposto della Commissione.",FALSE,"Dobbiamo continuare a sostenere non solo fino al 2014, ma anche oltre.","Signora Presidente, non è solo  giustificabile per noi continuare a sostenere l'industria del carbone, ma, a mio parere, è anche assolutamente necessario.",E 'nostro dovere proteggere i cittadini dell'Unione europea dai molti effetti negativi della globalizzazione. Questo include anche offrire ai lavoratori in settori che non sono pienamente competitivi sul mercato mondiale una riqualificazione a lungo termine  per consentire loro di assumere altri lavori.
33,0,IT,TRUE,,1,Questa affermazione è pro-sovvenzioni poiché cita le conseguenze economiche negative per le regioni colpite dalla chiusura delle miniere.,FALSE,La drastica riduzione delle sovvenzioni per l'estrazione del carbone negli ultimi anni ha avuto terribili conseguenze negative per molte regioni minerarie.,"Dobbiamo permettere alle regioni minerarie di diventare sempre meno dipendente dal settore minerario, senza che la loro prosperità sia significativamente ridotta. Devono avere una realistica e graduale possibilità di ristrutturare le loro economie.",Molte aree sono state sorprese improvvisamente da cambiamenti politici rapidi. Il risultato è stato un aumento della disoccupazione e della povertà regionale.
34,0,IT,TRUE,,1,"Questa frase sostiene che gli aiuti di Stato dovrebbe essere estesi, invece di eliminarli gradualmente entro il 2014 come proposto della Commissione.",FALSE,La data del 2014 è un termine irrealistico per la chiusura delle miniere.,"Inoltre, i lavoratori delle miniere e le loro famiglie possono perdere la loro fiducia nel processo politico in cui sono realizzate tali decisioni che li riguardano direttamente, se sono fatte in un momento inopportuno. Dobbiamo concentrare la nostra attenzione sulle regioni scarsamente popolate, che subiranno di più in termini socio-economici.","D'altra parte, la scadenza del 2020 proposta dalla commissione per l'industria, la ricerca e l'energia deve essere riconsiderato. È per questo che la data del 2018 rappresenta un buon compromesso."
35,0,IT,TRUE,,1,Questa è una frase pro-sovvenzioni poiché sostiene che le miniere non redditizie devono essere sostenute perché la produzione di carbone a livello nazionale è necessaria per un'offerta di energia sicura.,FALSE,"Le sovvenzioni non sono un percorso generale per la concorrenza, ma rendered il carbone europeo competitivo attraverso sussidi è strategicamente necessario, prima di tutto, perché il 60% dell'energia europea è importato, ed il restante 40%, una grande proporzione è nucleare - che la maggioranza di questo Parlamento non supporta - e in secondo luogo, a causa degli aumenti dei prezzi il prezzo del carbone europeo si sta avvicinando sempre di più al prezzo internazionale del carbone.","Signora Presidente, signor Commissario, è un peccato che il Parlamento abbia niente più che il diritto di consultazione quando quello di cui stiamo parlando è il futuro di 180 000 famiglie europee e la fonte energetica indigena per eccellenza dell'Unione europea.","Inoltre, vorrei chiedervi: che cosa è il carbone competitivo? Chiedetevi se tutto il carbone che l'Unione europea impora include i costi sociali e di sicurezza delle miniere che sono inclusi nel costo del carbone europeo."
36,0,IT,TRUE,,1,Questa frase sostiene i sussidi a causa dei posti di lavoro che dipendono le miniere non redditizie.,FALSE,Gli aiuti di Stato per l'industria carboniera europea è una necessità assoluta.,"It is crucial for the European Union to supply the largest proportion possible of its coal requirements from domestic production. Unless State aid is granted, production will fall by 25%, resulting in hundreds of thousands of lost jobs.",Molte miniere sono non competitive solo a causa della loro attrezzature tecniche obsolete. Gli aiuti di Stato consentirebbe a queste strutture di adattarsi per garantire la sicurezza del lavoro.
37,0,IT,TRUE,,1,Questa è una frase pro-sovvenzioni poiché sostiene che le miniere non redditizie devono essere sostenute perché la produzione di carbone a livello nazionale è necessaria per un'offerta di energia sicura.,FALSE,Il carbone europeo è il carbone sicuro.,"La nostra dipendenza energetica significa che solo il carbone ci può garantire un approvvigionamento sicuro in quanto fonte autoctona di combustibile fossile. Dobbiamo anche considerare le condizioni di lavoro non sicure di molte miniere al di fuori dell'Europa, dove la vita e la sicurezza dei lavoratori sono messe a rischio.","Inoltre, il carbone europeo è pulito. Pertanto, negli emendamenti alla relazione Rapkay, chiediamo una proroga a tempo indeterminato per l'aiuto per i costi relativi alla cattura delle emissioni di carbonio."
38,0,IT,TRUE,,1,Questo supporta gli aiuti di Stato per le miniere perché potrebbero essere redditizie di nuovo in futuro.,FALSE,"Il nostro obiettivo dovrebbe essere quello di sostenere queste miniere, al fine di riportarla alla produttività.","Signora Presidente, vorrei dire tre cose. In primo luogo, le miniere che non fanno profitti riguardano solo il 5% delle miniere nell'Unione europea.","In secondo luogo, dobbiamo anche evitare importazioni di carbone sovvenzionate dall'estero. In terzo luogo, dobbiamo evitare qualsiasi interferenza da lobbisti."
39,0,IT,TRUE,,1,Questa frase sostiene i sussidi a causa dei posti di lavoro che dipendono le miniere non redditizie.,FALSE,La chiusura delle miniere prima di utilizzdiare pienamente gli aiuiti di Stato per ridurre al minimo i costi della transizione comporterà gravi problemi sociali.,"Dovremmo estendere il termine anche di più per la chiusura delle miniere non competitive, siccome la maggior parte della popolazione nelle zone minerarie sono impiegati dalle miniere. E 'assolutamente indispensabile avere piani per la riqualificazione professionale e la ripresa socio-economica.","Durante la crisi attuale, in particolare, sarebbe opportuno anche fare domanda per i Fondi strutturali europei, data l'importanza sociale, economica e ambientale per l'Unione europea."
40,0,IT,TRUE,,1,"Questa frase sostiene la continuazione dei sussidi perché le miniere europee garantiscono la sicurezza dei lavoratori, a differenza dellle miniere di carbone non europee.",FALSE,A cosa serve la competitività quando viene attenuta a spese della vita dei minatori?,"Non dimentichiamo di quanti incidenti minerari sentiamo parlare nei media. L'estrazione del carbone è in corso in tutto il mondo, ma purtroppo gli standard di sicurezza altrove sono molto bassi rispetto a quelli europei.","Le conseguenze di una rapida fine delle sovvenzioni saranno sulla sicurezza dei lavoratori e la vita dei lavoratori. Per i lavoratori interessati, questo è un costo troppo grande da pagare per un principio economico."
41,0,IT,TRUE,,1,"Questa possibilita' nella dichiarazione si riferisce all'estensione degli aiuti di Stato, invece di eliminarli gradualmente entro il 2014 come proposto dalla Commissione.",FALSE,"Posso solo dire Sì, dobbiamo dare una possibilità agli aiuti.","Non facciamo finta di poter evitare questa importante questione. La questione è se si debba dare agli aiuti di Stato la possibilità di fare la differenza, senza causare danni nel muoversi troppo in fretta.",Questo periodo di quattro anni non è abbastanza lungo. Riferite questo messaggio alla Commissione.
42,0,IT,TRUE,,1,"Questa dichiarazione sostiene che gli aiuti di Stato dovrebbe essere estesi, invece di eliminarli gradualmente entro il 2014 come proposto dalla Commissione.",FALSE,"Signora Presidente, signor Rapkay, ci sono diversi argomenti validi per una rapida fine delle sovvenzioni.",,Mi riferisco in primo luogo a conseguenze sociali ed economiche su scala regionale. E 'importante che spendiamo i sussidi per facilitare la chiusura delle miniere correttamente: per garantire che i lavoratori interessati siano riqualificati e riassegnati in altri settori del mercato del lavoro.
43,0,IT,TRUE,,1,Questa dichiarazione sostiene i sussidi a causa dei posti di lavoro che dipendono le miniere non redditizie.,FALSE,"Per le zone affette, la chiusura delle miniere mette fine alla loro principale fonte di sostentamento.",Non stiamo sostenendo che la produzione non redditizia debba essere prolungata per sempre. Ma dobbiamo ricordare che un cambiamento strutturale di questa portata sarà inevitabilmente di vasta portata e con drammatiche conseguenze sociali.,"Ciò si riflette nella capacità delle città di fornire ai propri cittadini servizi e il declino di intere comunità. E 'nell'interesse di tutti se grandi cambiamenti sociali, come quelli associati alla progressiva chiusura delle miniere si svolgono con i controlli giusti e con un periodo sufficiente di transizione."
44,0,IT,TRUE,,1,Questa dichiarazione sostiene i sussidi a causa dei posti di lavoro che dipendono le miniere non redditizie.,FALSE,La ragione ultima e più importante sono le oltre 180.000 famiglie che potrebbero essere affette.,"Non dobbiamo dimenticare che, in molte occasioni, le miniere da cui importiamo il carbone non sono conformi con i diritti sociali. Per quanto riguarda la sostenibilità regionale, in molti casi, le miniere sono in aree scarsamente popolate che sono completamente dipendenti dal settore per mantenere la regione, e rischiano di trasformare le nostre terre in deserti.","Nella mia regione, le persone hanno costruito la loro vita intorno al settore del carbone. La chiusura rapida devasterà queste comunità."
45,0,IT,TRUE,,-1,This is the answer consistent with the explicit instructions in this test sentence.,TRUE,Ignorare il contesto e codificare questa frase come una dichiarazione anti-sovvenzioni.,Non c'è assolutamente alcuna menzione di questo nella valutazione d'impatto. L'unica cosa che potrebbe spiegare è che il 2014 è esattamente a metà strada tra il 2010 e il 2018. Questo è quello che deve essere.,"Nessuno degli argomenti a favore di questa proposta può essere preso seriamente in considerazione perché non sono corretti. Vi è la tesi secondo cui il regime di aiuti di Stato adottata nel 2002, che sta per scadere, prevedeva una graduale eliminazione dell'estrazione del carbone."
46,0,IT,TRUE,,-1,Questa è la risposta coerente con le istruzioni esplicitate in questa frase di prova.,TRUE,Ignorare il contesto e codificare questa frase come una dichiarazione anti-sovvenzioni.,"L'unico argomento che è già stato detto e che, per inciso, è in conflitto con la dichiarazione di impatto della Commissione che inizialmente sembrava essere a favore del 2018, è che questioni di politica ambientale potrebbero svolgere un ruolo qui. Vorrei sottolineare ancora una volta che non fa alcuna differenza per il clima se noi bruciamo carbone importato o nazionale.",È così che ho capito il riferimento solo ora alla Commissione considerando la questione e sono grato per questo.
47,0,IT,TRUE,,1,Questa è la risposta coerente con le istruzioni esplicitate in questa frase di prova.,TRUE,Ignorare il contesto e codificare questa frase come una dichiarazione anti-sovvenzioni.,"Dobbiamo ricordare che il mercato mondiale del carbone sta cambiando sotto i nostri occhi. La domanda di carbone, e il prezzo del carbone, sono in aumento.","L' abbandono del carbone presenta anche gravi problemi per la sicurezza energetica in paesi come la Polonia, che generano il 95% della loro elettricità dal carbone. Tle abbandono in tali situazioni può coinvolgere una sola alternativa - ancora maggiore dipendenza dal gas, che è importato da una sola direzione."
48,0,IT,TRUE,,1,Questa è la risposta coerente con le istruzioni esplicitate in questa frase di prova.,TRUE,Ignorare il contesto e codificare questa frase come una dichiarazione anti-sovvenzioni.,"Lei rifiuta la stessa idea per il carbone europeo? Il più lungo questo periodo è, meglio è, in modo da poter introdurre le tecnologie di combustione e di stoccaggio pulita già esistenti nell'Unione europea.","Non credo che rifiutare la possibilità di carbone dell'UE, come si sta facendo, sia liberalismo: credo sia l'ipocrisia."
49,0,IT,TRUE,,0,Questa è la risposta coerente con le istruzioni esplicitate in questa frase di prova.,TRUE,Ignorare il contesto e codificare questa frase come una dichiarazione anti-sovvenzioni.,La Commissione europea sta cercando - a qualsiasi prezzo e in un modo che non è giustificato dalla logica economica - di ridurre l'estrazione del carbone.,Mi riferisco ai costi delle emissioni. Si tratta di una politica che mina le basi economiche di quei paesi in cui la maggior parte di energia deriva dal carbone.
50,0,IT,TRUE,,0,Questa è la risposta coerente con le istruzioni esplicitate in questa frase di prova.,TRUE,Ignorare il contesto e codificare questa frase come una dichiarazione anti-sovvenzioni.,"Credo che il nostro approccio in questa nuova strategia non debba essere quello di aumentare la nostra dipendenza da un'unica fonte di idrocarburi, ma di aumentare la nostra indipendenza economica. Infine, l'economia del 21 ° secolo è stata menzionata.","A questo proposito, mi congratulo con il relatore, l'onorevole Rapkay."